Value of k,Time without unit tests,Time with unit tests
100,1.3810999999999962,4.558600000000079
1000,6.196000000000007,45.27999999999999
2000,12.558999999999987,100.80540000000005
3000,18.707200000000007,162.81040000000002
4000,24.417099999999998,219.43349999999995
5000,30.415300000000006,270.5757
6000,37.07840000000001,412.19010000000014
7000,44.71360000000002,415.5237999999999
8000,49.567899999999995,470.10739999999987
9000,55.38550000000003,553.0742000000001
10000,60.7143,635.402
